Comuna;0 a 4;5 a 9;10 a 14;15 a 19;20 a 24;25 a 29;30 a 34;35 a 39;40 a 44;45 a 49;50 a 54;55 a 59;60 a 64;65 a 69;70 a 74;75 a 79;80 a 84;85 a 89;90 a 94;95 a 99;100+
PAÍS;8.972.014 ;572.087 ;592.068 ;561.560 ;608.633 ;685.116 ;731.885 ;648.278 ;612.169 ;611.829 ;598.280 ;615.102 ;548.373 ;447.353 ;349.743 ;283.000 ;208.063 ;144.450 ;98.332 ;40.854 ;11.668 ;3.171 
ARICA;111.975;7.770;8.347;7.770;8.008;8.652;8.797;8.306;7.707;7.607;7.224;7.122;6.176;5.138;4.310;3.502;2.356;1.629;999;396;119;40
CAMARONES;529;29;30;31;20;26;39;41;33;30;34;40;41;34;42;27;11;8;7;4;2;0
PUTRE;711;38;44;37;27;52;59;65;54;57;45;38;39;37;29;28;28;17;12;3;1;1
GENERAL LAGOS;272;25;16;13;14;10;12;14;22;25;12;24;21;19;15;17;4;6;3;0;0;0
IQUIQUE;96.571;6.685;6.937;6.170;6.201;7.444;8.745;8.237;7.644;6.717;5.919;5.887;5.488;4.690;3.373;2.343;1.648;1.155;803;377;93;15
ALTO HOSPICIO;54.169;5.134;5.145;4.687;4.767;4.857;4.999;4.320;3.994;3.607;3.366;3.004;2.240;1.565;1.000;685;376;228;131;45;13;6
POZO ALMONTE;6.724;636;644;555;543;466;568;585;497;439;346;314;327;284;161;133;100;74;32;15;4;1
CAMIÑA;593;41;58;43;45;40;41;30;38;35;39;37;31;27;25;22;21;12;3;4;1;0
COLCHANE;733;42;37;47;41;61;71;49;60;44;48;56;45;35;38;26;15;10;4;3;1;0
HUARA;1.229;102;95;100;71;78;101;87;71;64;68;84;55;79;59;48;26;16;16;6;3;0
PICA;2.746;199;191;171;155;175;285;228;198;176;185;134;151;121;122;83;74;46;33;10;6;3
ANTOFAGASTA;180.027;12.422;13.023;11.957;13.084;16.068;16.367;14.280;13.612;13.209;11.514;10.633;9.612;7.619;5.456;4.099;3.002;1.978;1.382;519;145;46
MEJILLONES;5.432;443;428;412;396;484;548;443;414;354;320;338;276;208;132;97;76;32;18;10;2;1
SIERRA GORDA;1.524;52;56;38;48;135;259;228;186;172;131;91;55;37;17;7;5;3;3;1;0;0
TALTAL;5.836;413;465;493;386;370;462;427;455;394;375;370;352;270;188;150;93;82;63;22;5;1
CALAMA;79.682;6.045;6.229;5.893;5.550;6.008;7.224;6.856;6.357;6.024;5.161;4.984;4.175;3.136;2.142;1.596;994;679;399;173;41;16
OLLAGÜE;114;7;12;6;4;5;13;13;11;9;6;3;5;4;4;8;2;1;1;0;0;0
SAN PEDRO DE ATACAMA;4.835;309;311;262;260;388;676;545;454;342;271;260;196;174;112;105;79;44;29;12;5;1
TOCOPILLA;12.705;974;1.091;906;849;802;1.103;938;812;798;781;765;753;642;478;372;256;184;152;38;8;3
MARÍA ELENA;2.365;159;189;151;165;187;228;219;164;192;163;184;135;97;58;31;21;9;9;2;1;1
COPIAPÓ;77.310;5.872;6.137;5.427;5.566;6.216;6.619;5.765;5.350;5.096;5.050;4.950;4.366;3.348;2.475;1.835;1.377;962;603;225;53;18
CALDERA;8.568;631;751;585;592;600;715;605;563;541;514;571;552;438;324;232;155;101;67;18;11;2
TIERRA AMARILLA;6.223;477;578;479;473;490;548;460;417;387;394;413;337;253;178;127;89;73;36;11;2;1
CHAÑARAL;5.949;447;505;471;378;394;468;389;384;389;338;404;378;279;220;183;155;82;56;21;7;1
DIEGO DE ALMAGRO;6.439;479;540;547;442;362;511;532;519;489;430;439;419;255;169;119;97;44;32;9;3;2
VALLENAR;26.495;1.906;2.015;1.868;1.644;1.658;2.026;1.928;1.673;1.660;1.778;1.903;1.603;1.320;1.095;831;656;474;277;132;41;7
ALTO DEL CARMEN;2.374;148;184;158;129;140;192;149;144;135;158;166;147;137;96;103;76;57;38;13;3;1
FREIRINA;3.484;271;263;262;207;235;268;235;203;207;242;251;213;171;142;110;84;53;36;24;7;0
HUASCO;4.906;372;383;307;284;291;412;353;319;249;326;349;318;306;218;130;115;86;61;20;6;1
LA SERENA;115.218;7.519;8.142;7.347;8.474;9.820;9.115;7.788;7.637;7.832;7.649;7.485;6.737;5.602;4.380;3.481;2.529;1.794;1.201;502;138;46
COQUIMBO;117.858;8.515;8.721;7.766;8.422;9.242;9.455;8.430;7.997;7.859;7.688;7.703;6.781;5.782;4.305;3.342;2.426;1.678;1.150;429;131;36
ANDACOLLO;5.525;384;442;382;328;373;416;340;297;352;402;391;356;258;251;200;157;112;52;18;10;4
LA HIGUERA;2.005;149;179;146;115;123;140;128;127;141;114;145;130;105;99;58;44;38;16;6;1;1
PAIGUANO;2.257;141;153;138;122;128;181;173;129;138;173;204;138;104;92;87;60;44;36;16;0;0
VICUÑA;13.979;937;1.076;974;960;936;1.057;952;913;944;959;955;827;660;538;443;380;237;141;70;17;3
ILLAPEL;16.109;1.062;1.185;1.141;1.033;822;1.175;1.134;1.054;1.001;1.095;1.113;1.015;876;757;561;447;297;220;86;30;5
CANELA;4.461;242;261;274;214;213;275;248;280;288;286;354;335;272;243;195;199;146;102;23;8;3
LOS VILOS;10.321;688;780;641;568;637;801;748;709;701;634;718;695;538;425;377;279;214;107;44;14;3
SALAMANCA;13.635;882;1.005;897;771;772;1.057;1.058;929;978;946;918;797;698;574;486;364;248;171;58;20;6
OVALLE;57.653;4.102;4.248;3.843;3.954;3.963;4.459;4.123;3.848;3.901;3.729;3.996;3.356;2.777;2.113;1.769;1.341;1.063;699;265;85;19
COMBARBALÁ;6.666;379;417;399;330;321;376;393;426;449;451;499;453;400;376;293;293;200;137;54;19;1
MONTE PATRIA;15.481;1.109;1.165;1.042;1.020;1.035;1.144;1.030;1.001;1.038;1.083;1.062;941;692;571;527;409;311;196;78;26;1
PUNITAQUI;5.504;398;414;401;365;307;397;384;337;388;350;342;327;282;270;187;141;109;65;27;11;2
RÍO HURTADO;2.140;122;129;134;106;108;130;131;111;132;135;157;149;141;121;124;92;62;36;13;7;0
VALPARAÍSO;151.710;8.609;8.686;8.418;10.719;13.400;12.467;10.310;9.375;9.243;9.230;9.968;9.648;8.202;6.790;5.699;4.261;3.136;2.339;900;246;64
CASABLANCA;13.521;846;951;886;964;944;1.034;920;933;923;931;953;848;643;525;416;328;241;148;57;22;8
CONCÓN;21.831;1.297;1.383;1.283;1.647;1.592;1.631;1.363;1.397;1.557;1.545;1.641;1.505;1.169;866;723;534;357;213;100;24;4
JUAN FERNÁNDEZ;427;30;31;31;24;12;41;48;39;28;23;28;31;26;10;9;10;1;2;3;0;0
PUCHUNCAVÍ;9.188;592;602;571;564;585;683;595;607;593;568;651;622;535;451;367;247;202;101;39;13;0
QUINTERO;16.089;1.072;1.102;1.026;1.171;1.175;1.072;1.082;1.036;1.014;1.014;1.098;1.067;833;700;613;448;317;162;62;22;3
VIÑA DEL MAR;175.579;9.029;9.293;8.775;12.268;15.989;14.320;11.745;10.460;10.177;10.235;11.781;11.682;9.911;8.068;7.038;5.575;4.299;3.156;1.323;363;92
ISLA DE PASCUA;3.931;287;285;243;187;234;491;447;348;311;244;249;196;163;113;63;33;21;13;3;0;0
LOS ANDES;33.419;2.223;2.241;2.147;2.267;2.270;2.431;2.331;2.287;2.272;2.280;2.241;2.112;1.847;1.403;1.129;753;565;404;145;55;16
CALLE LARGA;7.504;576;575;498;477;484;606;568;532;480;538;528;458;322;264;205;166;117;72;20;12;6
RINCONADA;5.073;354;418;342;313;318;427;352;415;351;375;357;249;225;180;157;108;71;38;14;8;1
SAN ESTEBAN;9.552;700;681;633;599;612;733;675;680;684;677;699;561;457;343;299;228;149;96;37;8;1
LA LIGUA;18.050;1.244;1.166;1.153;1.056;1.057;1.354;1.295;1.063;1.292;1.240;1.442;1.170;976;762;636;537;329;196;59;15;8
CABILDO;9.921;656;710;741;651;615;740;705;644;662;717;682;646;499;399;282;249;164;94;54;9;2
PAPUDO;3.015;179;175;193;283;184;220;199;194;190;194;231;200;168;129;100;77;44;38;11;5;1
PETORCA;4.937;277;311;305;285;308;390;337;307;322;368;359;328;281;234;171;150;93;69;31;11;0
ZAPALLAR;3.635;236;244;199;212;197;275;265;238;255;214;251;258;215;175;155;104;66;53;19;1;3
QUILLOTA;46.980;2.928;3.207;2.868;3.115;3.304;3.528;3.322;3.040;3.026;2.792;3.316;3.075;2.602;2.014;1.668;1.201;957;651;278;69;19
CALERA;26.092;1.604;1.782;1.698;1.850;1.870;1.944;1.753;1.604;1.708;1.610;1.832;1.705;1.408;1.136;941;704;472;322;117;19;13
HIJUELAS;8.951;558;671;585;597;669;686;602;567;655;568;699;553;445;347;263;210;131;102;31;8;4
LA CRUZ;11.442;854;843;764;755;723;952;1.026;962;794;730;712;587;477;376;327;242;153;114;31;15;5
NOGALES;11.321;761;768;756;794;830;784;704;672;789;723;836;718;574;484;405;297;219;136;49;17;5
SAN ANTONIO;46.637;3.062;3.064;2.986;3.093;3.041;3.455;3.126;3.104;2.989;3.015;3.311;3.161;2.578;2.035;1.611;1.281;850;587;229;48;11
ALGARROBO;7.083;432;408;389;377;362;421;461;447;445;430;483;519;461;466;393;272;161;91;43;21;1
CARTAGENA;11.473;725;786;763;701;703;770;703;661;658;700;768;785;701;648;555;381;240;145;53;21;6
EL QUISCO;8.129;478;484;464;428;412;482;483;481;512;473;517;576;546;530;500;356;217;125;47;16;2
EL TABO;6.604;376;391;321;313;349;392;395;359;407;384;458;504;522;447;403;268;170;98;33;11;3
SANTO DOMINGO;5.472;340;381;387;306;283;354;389;395;413;399;389;357;312;227;213;125;87;73;30;9;3
SAN FELIPE;39.625;2.686;2.768;2.687;2.573;2.820;3.186;2.909;2.711;2.586;2.432;2.778;2.427;1.974;1.526;1.238;904;666;497;182;58;17
CATEMU;7.016;485;492;476;447;439;507;521;479;503;474;476;410;353;302;217;212;100;77;36;8;2
LLAILLAY;12.392;872;863;782;839;837;977;873;791;840;860;824;762;668;490;417;278;205;142;57;7;8
PANQUEHUE;3.596;224;262;269;235;248;277;240;232;244;227;261;244;197;154;111;71;42;35;15;6;2
PUTAENDO;8.396;526;580;508;544;541;591;546;505;561;542;657;520;432;363;338;266;204;102;51;17;2
SANTA MARÍA;7.655;506;536;461;522;548;591;532;520;471;476;610;497;399;289;267;180;122;80;36;7;5
QUILPUÉ;79.962;4.367;4.523;4.682;5.343;5.905;5.736;5.010;5.025;5.261;5.270;5.790;5.421;4.464;3.656;3.324;2.398;1.818;1.238;535;154;42
LIMACHE;23.768;1.525;1.598;1.499;1.594;1.697;1.679;1.467;1.593;1.615;1.488;1.704;1.426;1.247;1.029;942;655;471;342;151;39;7
OLMUÉ;8.919;566;541;562;580;615;619;553;595;564;511;622;595;533;460;405;247;163;111;54;18;5
VILLA ALEMANA;66.792;4.037;4.202;4.198;4.648;4.837;4.747;4.391;4.387;4.447;4.438;4.609;4.454;3.555;2.795;2.466;1.774;1.310;926;446;101;24
SANTIAGO;197.817;10.181;7.804;6.323;8.741;19.661;31.481;26.278;18.369;13.717;10.725;9.941;8.987;7.134;5.382;4.351;3.301;2.480;1.869;786;239;67
CERRILLOS;41.201;2.660;2.632;2.538;2.874;3.404;3.150;2.835;2.763;2.787;2.679;2.784;2.402;1.970;1.632;1.499;1.140;707;490;196;45;14
CERRO NAVIA;67.184;4.409;4.254;4.278;4.774;5.751;5.300;4.332;4.032;4.390;4.521;4.606;3.824;3.225;2.963;2.497;1.864;1.162;672;236;81;13
CONCHALÍ;65.078;3.952;4.038;3.664;4.242;5.081;5.207;4.283;3.865;4.083;4.152;4.659;4.158;3.222;2.691;2.393;2.162;1.595;1.115;389;93;34
EL BOSQUE;83.133;5.291;5.710;5.093;5.874;6.505;6.812;5.529;5.033;4.941;5.158;5.711;5.359;4.444;3.487;3.048;2.262;1.445;990;335;79;27
ESTACIÓN CENTRAL;73.583;4.381;3.898;3.607;4.231;6.604;7.590;5.994;4.992;4.470;4.451;5.025;4.387;3.514;2.880;2.599;2.027;1.401;999;395;113;25
HUECHURABA;50.549;3.679;3.916;3.659;3.788;3.711;3.453;3.373;3.731;4.350;3.996;3.248;2.296;1.874;1.794;1.573;990;629;323;126;27;13
INDEPENDENCIA;51.095;3.273;2.737;2.253;2.593;4.810;5.831;4.710;3.824;3.502;3.059;2.881;2.639;2.251;1.813;1.619;1.164;944;672;371;113;36
LA CISTERNA;46.972;2.620;2.703;2.598;2.847;3.399;4.057;3.564;3.107;2.907;2.884;2.978;2.964;2.505;2.098;1.780;1.484;1.109;869;371;107;21
LA FLORIDA;191.223;10.849;11.225;10.790;12.265;14.305;15.324;13.631;12.707;12.765;12.130;12.739;13.137;11.643;9.281;7.307;4.735;3.182;2.085;847;208;68
LA GRANJA;59.546;3.754;3.688;3.532;4.139;4.785;4.830;3.930;3.394;3.368;3.358;4.405;4.655;3.631;2.525;1.847;1.331;1.163;834;297;53;27
LA PINTANA;90.291;6.783;7.146;6.679;7.054;7.687;7.376;6.325;5.706;5.539;5.179;5.712;5.447;4.596;3.410;2.516;1.593;848;483;145;55;12
LA REINA;49.188;2.514;2.786;2.764;3.196;3.601;3.245;2.761;3.289;3.546;3.462;3.566;3.354;2.840;2.347;1.888;1.480;1.091;834;437;155;32
LAS CONDES;158.921;7.938;7.183;6.906;9.012;12.295;13.142;12.080;11.122;10.592;10.286;10.557;10.392;9.259;7.243;6.645;5.062;3.902;3.112;1.545;513;135
LO BARNECHEA;55.333;3.463;4.235;4.349;4.693;4.787;3.405;2.813;3.796;4.453;4.634;4.286;3.517;2.423;1.538;1.122;700;473;353;193;76;24
LO ESPEJO;49.658;3.195;3.283;2.973;3.495;4.279;4.205;3.132;2.728;2.634;2.992;3.605;3.635;2.633;1.905;1.490;1.272;1.056;795;274;65;12
LO PRADO;49.450;2.910;2.983;2.713;3.247;3.946;3.951;3.034;2.860;3.350;3.453;3.384;2.893;2.418;2.389;2.280;1.653;1.073;606;232;57;18
MACUL;61.373;3.348;3.215;3.041;3.424;4.476;5.236;4.645;4.263;3.949;3.779;4.072;3.982;3.427;2.882;2.572;1.988;1.378;1.124;415;138;19
MAIPÚ;270.835;15.637;16.787;16.752;19.723;21.989;21.849;18.197;17.134;17.939;19.299;22.278;19.957;14.397;10.090;7.352;4.813;3.225;2.222;863;245;87
ÑUÑOA;112.828;5.929;4.938;4.356;5.301;6.893;9.712;11.378;9.999;8.087;6.654;6.789;6.901;6.202;5.011;4.334;3.363;2.917;2.427;1.169;386;82
PEDRO AGUIRRE CERDA;51.661;2.930;3.041;2.761;3.244;3.974;4.129;3.356;2.926;2.800;2.970;3.779;3.924;3.149;2.425;1.835;1.467;1.346;1.033;440;111;21
PEÑALOLÉN;124.717;7.623;8.439;8.245;9.382;10.362;9.372;7.457;8.111;9.425;9.469;9.141;7.299;5.793;4.625;3.927;2.771;1.710;1.032;399;91;44
PROVIDENCIA;76.369;3.784;2.701;2.206;2.991;5.177;7.739;8.524;7.219;5.502;4.220;3.918;4.140;4.035;3.471;3.119;2.334;2.067;1.755;1.051;335;81
PUDAHUEL;117.881;7.859;7.943;7.614;8.185;9.778;9.949;8.286;8.049;8.190;8.269;9.132;7.627;5.531;3.899;2.977;2.052;1.323;833;286;80;19
QUILICURA;106.954;7.355;8.069;8.034;8.653;9.219;9.023;7.780;7.878;8.753;8.237;7.508;5.757;3.947;2.648;1.698;1.084;688;401;161;38;23
QUINTA NORMAL;56.357;3.244;3.188;2.927;3.569;4.483;4.993;4.148;3.753;3.865;3.514;3.911;3.468;2.802;2.374;1.936;1.593;1.199;912;347;95;36
RECOLETA;80.142;4.837;4.801;4.335;5.097;6.430;6.894;5.935;5.529;5.446;5.100;5.162;4.733;4.031;3.484;2.884;2.250;1.500;1.120;417;121;36
RENCA;74.470;5.291;5.375;4.962;5.456;6.013;5.877;5.209;5.256;5.261;4.715;4.680;4.252;3.623;2.886;2.243;1.511;920;616;241;53;30
SAN JOAQUÍN;48.661;2.691;2.689;2.505;2.956;3.931;4.096;3.322;2.880;2.871;3.061;3.416;3.199;2.676;2.270;2.019;1.587;1.132;921;317;99;23
SAN MIGUEL;57.216;3.279;2.866;2.623;3.010;4.028;5.572;5.415;4.523;3.860;3.437;3.579;3.568;2.842;2.237;1.925;1.572;1.245;1.025;436;141;33
SAN RAMÓN;42.027;2.585;2.478;2.574;2.960;3.425;3.222;2.462;2.305;2.680;2.826;3.003;2.350;2.035;2.069;1.946;1.423;921;497;202;54;10
VITACURA;46.982;2.846;2.504;2.404;2.741;2.961;2.857;2.993;3.231;3.262;3.292;3.113;3.081;2.720;2.433;2.313;1.605;1.124;841;473;155;33
PUENTE ALTO;292.959;19.942;20.466;19.703;21.758;24.443;24.250;20.676;19.377;19.654;20.645;23.020;19.642;13.766;9.088;6.401;4.311;2.878;1.952;727;200;60
PIRQUE;13.092;904;916;893;917;1.020;1.027;875;878;916;938;1.029;806;625;457;324;226;178;103;48;9;3
SAN JOSÉ DE MAIPO;8.328;486;537;526;548;630;659;553;606;581;581;554;536;450;328;274;205;125;100;33;12;4
COLINA;71.572;6.479;6.628;5.569;5.414;5.037;5.052;5.194;6.339;6.179;5.131;4.201;3.223;2.451;1.732;1.253;778;469;286;115;35;7
LAMPA;50.489;4.487;4.510;3.972;3.779;3.777;4.387;4.555;4.464;3.864;3.094;2.686;2.201;1.588;1.146;790;508;341;217;91;24;8
TILTIL;9.265;672;639;647;667;725;783;699;634;668;603;638;505;413;330;242;177;121;70;26;5;1
SAN BERNARDO;153.513;11.249;11.650;10.778;11.788;12.393;12.594;11.064;10.414;10.472;10.524;10.040;8.780;6.784;5.109;3.840;2.557;1.737;1.167;439;113;21
BUIN;49.039;3.601;3.608;3.396;3.489;3.633;4.259;3.989;3.741;3.440;3.305;3.114;2.720;2.013;1.560;1.231;802;560;373;141;52;12
CALERA DE TANGO;12.674;811;889;915;922;1.019;1.004;794;833;926;905;991;836;588;415;309;211;138;109;39;16;4
PAINE;36.238;2.462;2.781;2.594;2.688;2.823;2.913;2.515;2.564;2.498;2.490;2.527;2.068;1.670;1.296;895;620;393;287;109;35;10
MELIPILLA;62.217;4.214;4.427;4.058;4.390;4.752;4.932;4.452;4.238;4.205;3.956;4.169;3.852;2.977;2.467;1.872;1.423;883;597;257;85;11
ALHUÉ;2.928;218;196;184;153;216;282;242;216;166;199;204;173;119;116;86;59;51;32;12;2;2
CURACAVÍ;16.357;1.115;1.151;1.052;1.079;1.236;1.199;1.179;1.099;1.046;1.121;1.177;1.058;833;632;539;377;244;142;60;14;4
MARÍA PINTO;6.760;462;498;443;454;515;516;489;467;427;458;498;407;359;233;196;154;101;50;24;8;1
SAN PEDRO;4.594;344;323;373;286;274;336;332;287;289;287;292;278;242;197;160;124;83;59;23;5;0
TALAGANTE;37.468;2.624;2.687;2.496;2.717;2.888;2.998;2.560;2.511;2.504;2.558;2.803;2.325;1.750;1.326;1.041;724;474;314;121;36;11
EL MONTE;18.130;1.395;1.331;1.293;1.302;1.376;1.497;1.337;1.166;1.188;1.179;1.205;1.089;761;650;501;359;258;140;71;28;4
ISLA DE MAIPO;18.168;1.289;1.331;1.293;1.313;1.400;1.422;1.265;1.230;1.263;1.262;1.257;1.094;799;649;521;311;229;145;72;18;5
PADRE HURTADO;31.798;2.395;2.264;2.206;2.281;2.474;2.773;2.594;2.274;2.197;2.059;2.189;1.695;1.348;1.060;802;508;357;204;79;22;17
PEÑAFLOR;46.257;3.203;3.347;3.204;3.326;3.599;3.564;3.067;3.177;3.536;3.218;3.185;2.681;2.118;1.632;1.301;916;567;382;184;39;11
RANCAGUA;123.832;7.957;8.510;8.240;8.267;8.523;9.918;8.884;8.347;8.512;8.262;8.502;7.642;6.626;5.155;3.914;2.772;1.911;1.238;499;125;28
CODEGUA;6.478;434;494;463;459;437;513;428;426;453;443;475;426;334;227;171;132;86;52;15;6;4
COINCO;3.630;227;238;232;255;231;253;216;222;226;272;284;234;220;162;132;99;68;38;11;4;6
COLTAUCO;9.791;624;729;662;703;691;717;603;602;686;626;719;610;559;395;309;229;154;108;48;14;3
DOÑIHUE;10.493;718;741;720;730;720;745;691;757;739;722;729;652;566;414;311;232;159;108;26;11;2
GRANEROS;16.803;1.213;1.316;1.248;1.156;1.221;1.369;1.240;1.157;1.147;1.150;1.112;1.022;751;577;486;263;208;118;33;9;7
LAS CABRAS;11.984;745;881;751;774;763;896;818;821;837;854;914;765;616;490;384;305;183;120;51;14;2
MACHALÍ;26.920;2.160;2.174;2.033;1.873;1.347;1.882;2.176;2.412;2.368;1.850;1.686;1.446;1.149;836;658;364;256;165;65;16;4
MALLOA;6.588;382;422;426;414;464;501;444;371;446;450;534;470;359;276;239;162;105;87;27;8;1
MOSTAZAL;12.680;886;974;829;980;914;955;810;842;885;842;882;857;568;493;392;240;169;108;42;8;4
OLIVAR;6.786;480;505;435;524;465;501;414;450;532;470;465;431;351;254;197;130;97;53;23;6;3
PEUMO;7.076;429;494;490;435;459;517;447;455;473;513;561;449;389;322;227;177;115;80;32;9;3
PICHIDEGUA;9.634;563;640;608;599;594;640;632;593;694;787;766;656;564;438;310;243;142;107;49;8;1
QUINTA DE TILCOCO;6.483;393;430;434;408;375;493;471;422;411;470;542;440;332;291;215;143;101;75;27;9;1
RENGO;29.981;1.975;2.126;2.088;2.055;2.070;2.355;2.126;2.013;1.988;2.071;2.168;1.853;1.443;1.200;920;678;404;272;119;47;10
REQUÍNOA;13.843;985;1.020;956;992;989;1.048;917;923;1.108;1.052;1.002;811;629;499;364;244;160;89;44;9;2
SAN VICENTE;23.464;1.373;1.583;1.456;1.470;1.322;1.722;1.549;1.609;1.682;1.628;1.889;1.586;1.330;1.038;815;586;394;299;89;39;5
PICHILEMU;8.105;469;530;478;468;393;644;622;562;575;580;624;561;474;351;274;229;146;82;30;13;0
LA ESTRELLA;1.438;68;84;96;68;65;77;95;81;89;117;114;121;95;80;72;50;21;25;18;1;1
LITUECHE;3.007;168;203;172;178;174;221;213;167;218;241;226;195;180;157;102;79;58;38;10;6;1
MARCHIHUE;3.563;201;200;230;224;200;213;235;221;254;278;259;254;208;185;149;99;63;60;24;4;2
NAVIDAD;3.166;177;182;155;167;132;195;208;168;152;210;254;249;213;192;188;127;86;75;27;6;3
PAREDONES;2.968;144;178;173;159;148;173;160;165;203;249;222;220;168;165;136;131;83;49;31;10;1
SAN FERNANDO;37.896;2.599;2.690;2.382;2.533;2.299;2.845;2.680;2.569;2.710;2.589;2.744;2.424;1.982;1.469;1.241;891;600;421;170;48;10
CHÉPICA;7.460;467;482;466;424;485;532;486;491;507;531;563;493;445;336;276;212;127;94;31;10;2
CHIMBARONGO;17.575;1.131;1.247;1.172;1.166;1.204;1.226;1.122;1.205;1.363;1.219;1.356;1.116;913;701;548;390;263;154;63;10;6
LOLOL;3.340;177;215;196;202;154;235;206;209;248;257;234;223;191;167;156;104;81;60;17;7;1
NANCAGUA;9.003;561;621;613;564;628;677;585;582;650;602;733;550;457;353;293;233;150;97;36;15;3
PALMILLA;6.151;374;385;361;383;354;468;424;397;492;490;485;405;358;241;193;151;102;56;26;4;2
PERALILLO;5.469;327;331;361;329;303;387;395;325;428;414;412;357;287;270;194;145;102;67;26;5;4
PLACILLA;4.306;263;260;276;268;295;280;269;290;311;294;349;319;235;173;157;113;71;58;19;5;1
PUMANQUE;1.670;61;84;79;115;88;122;97;97;109;111;120;124;125;94;90;60;45;32;11;6;0
SANTA CRUZ;19.262;1.236;1.250;1.203;1.233;1.061;1.397;1.402;1.370;1.404;1.418;1.387;1.205;1.028;819;645;491;372;219;81;28;13
TALCA;114.735;6.861;6.902;6.765;8.524;10.333;9.206;7.489;7.046;7.628;7.461;8.069;7.184;6.113;4.857;3.919;2.609;1.840;1.230;496;144;59
CONSTITUCIÓN;23.063;1.633;1.646;1.707;1.540;1.527;1.880;1.600;1.628;1.695;1.573;1.660;1.409;1.173;806;584;461;275;183;53;23;7
CUREPTO;4.596;215;252;227;250;237;276;238;296;315;287;341;345;311;268;198;236;160;86;47;11;0
EMPEDRADO;1.943;108;146;137;122;138;153;141;144;144;162;111;107;84;65;71;42;36;23;8;0;1
MAULE;25.462;2.206;2.162;1.906;1.824;1.799;2.193;2.286;2.240;1.909;1.702;1.483;1.121;858;612;475;302;207;112;46;15;4
PELARCO;4.191;285;258;243;263;325;323;257;249;300;290;306;251;236;190;141;110;94;44;22;2;2
PENCAHUE;4.003;231;225;257;274;280;242;238;274;294;306;312;242;211;205;128;123;72;54;23;10;2
RÍO CLARO;6.660;421;430;437;443;494;460;417;424;495;494;522;403;367;283;228;180;93;46;19;3;1
SAN CLEMENTE;21.592;1.484;1.553;1.394;1.543;1.602;1.638;1.352;1.397;1.524;1.584;1.541;1.277;1.099;894;659;477;308;169;73;19;5
SAN RAFAEL;4.622;316;325;328;340;353;350;280;282;314;334;320;272;244;201;149;102;62;34;12;3;1
CAUQUENES;21.127;1.244;1.349;1.386;1.294;1.207;1.420;1.231;1.377;1.363;1.438;1.477;1.418;1.173;1.006;901;705;526;370;168;58;16
CHANCO;4.478;300;273;299;268;233;315;285;280;307;311;339;312;228;202;172;144;105;68;26;8;3
PELLUHUE;3.806;262;240;263;174;221;285;280;238;229;258;268;224;222;200;173;120;65;58;23;3;0
CURICÓ;76.625;5.063;5.276;4.872;5.026;5.246;6.071;5.491;5.356;5.693;5.223;5.527;4.877;3.821;2.971;2.259;1.640;1.112;710;288;72;31
HUALAÑÉ;4.774;265;282;294;292;276;316;278;298;324;376;346;320;315;242;192;133;113;72;33;6;1
LICANTÉN;3.300;194;220;201;189;156;240;233;209;218;232;284;233;208;150;106;88;59;43;25;9;3
MOLINA;23.341;1.552;1.550;1.494;1.564;1.591;1.753;1.609;1.682;1.580;1.519;1.741;1.473;1.232;1.003;775;527;330;256;75;29;6
RAUCO;5.246;302;331;340;347;344;383;330;364;391;389;391;338;266;235;180;141;82;59;26;5;2
ROMERAL;7.563;519;511;510;466;514;614;495;545;603;529;556;450;372;297;225;158;106;64;23;6;0
SAGRADA FAMILIA;9.160;565;576;602;577;657;694;587;639;661;678;691;605;528;372;282;208;122;90;24;2;0
TENO;14.157;863;958;889;949;1.019;1.062;953;920;944;1.050;1.120;918;749;566;444;337;215;131;54;15;1
VICHUQUÉN;2.105;103;148;131;98;88;150;123;114;143;172;188;155;142;92;109;55;49;31;11;2;1
LINARES;48.931;3.152;3.309;3.103;3.206;2.984;3.621;3.345;3.407;3.284;3.342;3.632;3.246;2.670;2.088;1.633;1.244;821;530;233;71;10
COLBÚN;10.560;658;731;750;713;724;780;734;675;718;731;705;664;595;463;362;245;144;113;39;11;5
LONGAVÍ;15.052;998;986;983;921;974;1.172;974;1.022;1.058;1.089;1.186;978;783;658;526;326;205;127;65;18;3
PARRAL;21.472;1.464;1.456;1.379;1.339;1.251;1.563;1.404;1.390;1.456;1.577;1.542;1.356;1.167;878;785;653;410;265;96;33;8
RETIRO;9.920;649;657;643;578;616;690;604;622;718;765;783;691;552;431;348;246;163;101;49;10;4
SAN JAVIER;23.545;1.535;1.664;1.542;1.579;1.745;1.794;1.509;1.426;1.594;1.705;1.604;1.438;1.189;973;819;623;397;250;115;38;6
VILLA ALEGRE;8.341;513;538;586;502;586;588;554;510;528;579;611;523;476;394;323;238;138;101;41;8;4
YERBAS BUENAS;8.956;605;615;638;578;612;626;597;604;624;684;669;536;515;365;274;194;101;74;28;11;6
CONCEPCIÓN;115.950;5.798;5.850;5.528;8.545;12.654;10.373;7.934;7.105;7.028;7.218;7.656;7.332;6.240;4.960;4.076;3.097;2.139;1.461;693;214;49
CORONEL;60.463;4.343;4.455;4.181;4.130;4.461;4.933;4.274;3.855;3.962;4.257;4.459;3.705;2.989;2.124;1.652;1.177;731;536;173;49;17
CHIGUAYANTE;45.433;2.575;2.826;2.787;3.333;3.673;3.516;2.815;2.819;2.974;3.493;3.514;2.988;2.386;1.939;1.416;1.042;627;447;188;65;10
FLORIDA;5.238;279;320;304;286;287;364;321;283;323;382;421;432;327;280;223;175;108;81;32;9;1
HUALQUI;12.490;796;885;864;880;962;955;805;837;782;922;915;776;605;464;367;280;185;128;51;26;5
LOTA;22.585;1.401;1.446;1.442;1.572;1.726;1.643;1.247;1.222;1.415;1.694;1.807;1.512;1.334;991;817;604;355;241;93;19;4
PENCO;24.750;1.531;1.638;1.521;1.730;1.773;1.931;1.587;1.532;1.636;1.716;1.870;1.665;1.334;1.077;872;614;349;249;85;36;4
SAN PEDRO DE LA PAZ;68.867;4.842;5.169;4.757;4.867;5.029;5.306;5.209;5.502;5.420;4.782;4.404;3.710;3.140;2.371;1.664;1.189;752;485;204;51;14
SANTA JUANA;6.998;427;484;442;447;488;510;443;443;465;485;504;462;354;303;277;193;144;77;41;5;4
TALCAHUANO;78.756;4.580;4.832;4.643;5.358;6.109;6.080;5.284;4.866;5.002;5.100;5.843;5.661;4.706;3.281;2.567;1.973;1.394;957;403;91;26
TOMÉ;29.027;1.751;1.742;1.690;1.810;2.008;2.147;1.844;1.852;1.822;2.105;2.127;1.910;1.638;1.377;1.171;856;598;349;172;45;13
HUALPÉN;48.285;2.776;2.938;2.815;3.191;3.768;3.830;3.048;3.069;3.282;3.355;3.654;3.121;2.588;1.958;1.791;1.390;892;564;198;45;12
LEBU;13.081;949;913;976;915;817;1.011;934;899;946;929;862;759;710;477;374;271;156;123;51;6;3
ARAUCO;18.382;1.181;1.308;1.277;1.251;1.200;1.432;1.293;1.287;1.325;1.358;1.294;1.118;907;699;512;382;277;179;74;21;7
CAÑETE;17.896;1.296;1.336;1.370;1.180;1.179;1.315;1.285;1.292;1.240;1.218;1.161;987;834;691;556;395;289;155;87;23;7
CONTULMO;3.003;190;192;225;176;183;211;203;231;194;218;203;193;170;113;109;90;55;30;13;4;0
CURANILAHUE;16.460;1.119;1.117;1.126;1.160;1.104;1.207;1.093;1.186;1.184;1.120;1.161;1.030;896;629;474;358;251;164;59;15;7
LOS ÁLAMOS;10.832;851;855;809;762;736;794;759;759;742;763;695;626;546;378;294;177;145;91;38;8;4
TIRÚA;5.222;421;435;446;389;396;394;385;403;344;336;309;259;234;167;117;78;54;35;15;4;1
LOS ÁNGELES;104.351;6.954;7.382;7.226;7.373;7.395;8.213;7.223;7.351;7.504;7.598;7.084;5.984;4.788;3.814;3.134;2.213;1.593;965;422;105;30
ANTUCO;2.098;103;137;139;132;135;146;133;139;127;142;152;137;119;100;89;69;45;33;16;3;2
CABRERO;14.399;881;935;1.020;1.030;979;1.096;954;1.018;1.026;1.132;1.008;825;672;549;484;359;212;149;51;17;2
LAJA;11.645;757;764;824;804;714;831;688;790;762;861;849;721;669;537;409;322;168;114;44;15;2
MULCHÉN;15.030;970;1.120;1.083;1.050;1.066;1.137;994;925;978;992;1.021;857;771;583;498;429;270;192;71;22;1
NACIMIENTO;13.353;904;975;950;911;908;1.003;852;899;983;922;933;807;679;494;412;293;232;110;67;12;7
NEGRETE;4.924;338;340;359;323;346;396;320;302;344;343;346;305;220;196;160;135;76;51;20;1;3
QUILACO;1.987;128;123;109;103;136;122;94;119;126;132;137;136;125;116;110;74;52;29;11;5;0
QUILLECO;4.867;277;294;336;321;319;349;275;263;349;375;331;300;262;244;219;170;86;61;28;7;1
SAN ROSENDO;1.751;87;115;104;111;112;104;98;99;118;134;126;135;107;82;92;68;33;19;5;1;1
SANTA BÁRBARA;7.074;481;486;535;475;500;508;480;449;431;452;490;432;366;286;264;194;107;83;40;10;5
TUCAPEL;7.258;432;495;493;452;471;506;470;452;468;523;467;447;425;330;280;236;150;103;41;15;2
YUMBEL;10.733;570;639;640;672;575;690;647;696;701;840;782;751;614;542;472;420;231;163;59;23;6
ALTO BIOBÍO;2.887;280;301;281;211;234;251;225;184;183;163;142;131;99;78;43;39;22;13;5;0;2
CHILLÁN *;97.218;5.577;6.066;6.109;6.794;7.227;7.252;6.678;6.413;6.699;7.038;6.933;6.178;5.071;4.086;3.311;2.494;1.630;1.046;465;113;38
BULNES *;11.111;710;740;655;740;726;785;668;701;773;829;779;770;625;510;419;292;214;106;56;9;4
COBQUECURA *;2.487;114;137;128;117;117;156;160;158;179;177;186;213;153;145;115;110;57;36;17;10;2
COELEMU *;8.122;478;530;528;501;509;566;490;511;559;526;619;568;473;381;336;208;160;110;59;7;3
COIHUECO *;13.457;867;986;910;999;986;989;941;886;958;1.046;936;788;635;452;403;302;193;115;51;10;4
CHILLÁN VIEJO *;16.326;1.072;1.212;1.139;1.211;1.194;1.273;1.194;1.177;1.266;1.244;1.128;822;717;562;431;314;177;123;47;18;5
EL CARMEN *;6.077;317;350;434;398;385;364;379;401;429;433;471;363;331;272;269;226;117;86;38;12;2
NINHUE *;2.646;144;133;166;164;129;150;154;166;164;210;217;194;151;157;122;89;71;41;20;3;1
ÑIQUÉN *;5.536;298;337;340;344;278;330;320;339;346;422;447;371;367;296;253;193;132;80;30;11;2
PEMUCO *;4.227;239;264;266;322;284;287;267;278;307;282;319;269;243;163;154;118;84;47;26;7;1
PINTO *;5.491;272;350;346;345;343;423;341;328;370;437;414;391;294;254;227;164;100;63;23;3;3
PORTEZUELO *;2.446;136;144;163;164;123;138;129;129;163;190;201;177;147;110;127;93;62;32;15;2;1
QUILLÓN *;8.821;492;517;514;525;525;579;547;514;563;625;653;625;571;480;386;301;205;132;48;15;4
QUIRIHUE *;5.915;353;403;354;316;320;415;411;380;423;403;412;405;326;280;221;204;121;112;39;14;3
RÁNQUIL *;2.913;163;169;159;148;151;159;169;170;181;191;226;240;211;164;131;126;77;51;20;6;1
SAN CARLOS *;27.599;1.617;1.750;1.731;1.857;1.864;1.957;1.817;1.639;1.887;2.026;2.092;1.841;1.448;1.238;1.014;808;487;321;144;50;11
SAN FABIÁN *;2.105;131;143;125;109;125;166;143;148;129;148;129;122;109;116;86;82;50;24;15;3;2
SAN IGNACIO *;8.197;441;507;577;546;560;522;479;477;569;625;632;549;497;364;300;231;156;105;41;16;3
SAN NICOLÁS *;5.807;320;361;361;385;366;373;350;379;429;444;444;380;346;289;227;163;104;57;23;5;1
TREGUACO *;2.698;138;151;178;151;145;171;166;181;197;218;196;192;174;129;106;89;52;41;20;2;1
YUNGAY *;8.823;496;587;580;517;530;663;488;576;636;703;649;547;480;388;313;268;199;124;57;21;1
TEMUCO;148.126;9.160;9.190;8.780;11.279;13.772;12.340;10.513;9.855;10.249;9.862;9.640;8.307;6.889;5.479;4.433;3.360;2.408;1.656;684;217;53
CARAHUE;12.331;833;893;925;857;773;902;782;773;732;822;772;701;670;536;467;380;279;146;65;16;7
CUNCO;8.761;566;564;567;584;533;564;488;475;594;615;545;530;536;470;386;303;215;136;66;18;6
CURARREHUE;3.668;283;294;274;255;266;274;265;237;229;242;235;190;161;162;115;87;57;22;17;1;2
FREIRE;12.193;660;822;850;893;851;794;733;722;840;898;865;777;667;516;457;357;264;153;51;19;4
GALVARINO;5.964;415;428;465;380;409;415;375;367;356;389;395;381;285;235;223;197;122;74;40;9;4
GORBEA;7.469;421;441;479;464;539;526;434;445;442;541;538;475;405;338;334;281;159;118;64;20;5
LAUTARO;19.565;1.373;1.473;1.341;1.403;1.522;1.486;1.342;1.206;1.364;1.361;1.216;1.113;920;693;649;470;321;202;81;26;3
LONCOCHE;12.110;772;903;825;792;731;770;787;791;797;757;880;775;639;588;436;355;270;148;63;27;4
MELIPEUCO;3.047;174;217;207;177;188;201;189;170;212;235;181;193;172;148;126;108;72;43;28;5;1
NUEVA IMPERIAL;16.640;1.083;1.222;1.178;1.202;1.243;1.170;1.056;1.022;1.053;1.023;1.096;949;869;674;617;457;364;226;103;27;6
PADRE LAS CASAS;39.130;2.781;2.946;2.817;2.993;3.135;3.040;2.792;2.561;2.719;2.777;2.549;2.083;1.784;1.296;1.037;791;527;327;137;30;8
PERQUENCO;3.510;243;260;246;275;256;242;199;197;257;257;236;198;166;137;112;99;70;42;13;4;1
PITRUFQUÉN;12.772;729;831;818;864;878;843;782;775;925;912;916;760;642;595;479;409;296;194;93;23;8
PUCÓN;14.417;1.005;970;979;959;983;1.243;1.164;1.073;1.043;966;917;789;657;537;410;313;200;131;58;17;3
SAAVEDRA;6.321;427;511;458;331;363;398;411;359;394;425;422;395;365;306;258;196;146;83;50;19;4
TEODORO SCHMIDT;7.519;495;567;498;412;423;471;441;438;482;536;540;511;404;369;309;246;183;130;50;11;3
TOLTÉN;4.839;287;308;371;299;232;320;312;270;341;338;391;303;277;207;203;146;123;66;32;8;5
VILCÚN;14.278;1.008;1.032;1.082;1.089;1.062;1.039;896;1.023;1.031;975;909;764;652;515;433;348;217;128;56;12;7
VILLARRICA;28.282;1.917;1.940;1.860;1.976;1.891;2.088;2.007;1.888;1.952;2.064;1.959;1.692;1.342;1.151;938;669;468;298;135;36;11
CHOLCHOL;5.838;384;452;452;485;394;407;371;382;338;366;346;334;281;215;212;148;136;88;41;5;1
ANGOL;27.649;1.785;1.893;1.824;1.850;1.759;2.063;1.975;1.863;1.834;1.899;1.915;1.724;1.424;1.129;918;726;536;356;122;43;11
COLLIPULLI;12.534;827;961;932;844;830;971;895;812;821;832;851;729;643;514;384;293;212;122;40;15;6
CURACAUTÍN;9.037;530;546;612;575;529;597;530;583;583;627;663;601;538;489;383;271;195;111;57;13;4
ERCILLA;3.916;308;306;264;257;278;268;246;232;283;247;250;219;199;183;125;101;79;40;28;3;0
LONQUIMAY;4.905;356;399;353;353;301;321;316;330;347;311;339;280;250;183;174;112;101;50;21;6;2
LOS SAUCES;3.658;218;230;263;244;230;275;228;229;239;238;257;222;206;163;141;112;84;53;20;4;2
LUMACO;4.621;321;350;341;263;281;309;302;312;303;327;358;253;228;192;184;129;84;44;28;11;1
PURÉN;6.102;397;436;443;343;361;431;389;372;380;434;441;396;352;261;222;181;125;79;41;14;4
RENAICO;5.293;370;370;357;333;389;431;367;336;360;359;353;328;271;205;194;126;68;51;16;9;0
TRAIGUÉN;9.824;615;598;687;704;585;609;621;595;578;646;740;657;563;444;398;302;241;150;69;17;5
VICTORIA;17.774;1.131;1.093;1.079;1.165;1.283;1.302;1.151;1.111;1.162;1.182;1.337;1.076;1.012;749;676;502;374;249;102;29;9
VALDIVIA;85.732;4.995;5.231;5.017;6.475;7.976;7.025;5.982;5.555;5.528;5.416;5.999;5.187;4.245;3.437;2.703;2.033;1.427;949;390;129;33
CORRAL;2.667;168;175;159;155;176;202;140;143;169;220;204;196;144;111;102;90;58;44;10;1;0
LANCO;8.528;541;592;603;586;550;635;583;538;529;596;599;509;471;344;284;250;170;103;34;9;2
LOS LAGOS;9.877;634;747;684;652;671;719;690;609;624;645;728;637;515;378;352;271;164;95;45;15;2
MÁFIL;3.603;221;281;281;231;241;270;242;204;206;235;265;207;188;147;147;101;68;34;22;5;7
MARIQUINA;10.671;728;906;819;719;763;834;691;702;678;748;668;617;467;384;349;269;161;106;52;9;1
PAILLACO;10.121;637;672;743;744;695;687;633;622;643;683;682;653;582;427;370;275;171;132;60;5;5
PANGUIPULLI;17.340;1.072;1.240;1.308;1.243;1.134;1.234;1.215;1.116;1.176;1.172;1.220;1.029;873;719;558;456;276;185;77;29;8
LA UNIÓN;19.307;1.149;1.303;1.298;1.264;1.285;1.379;1.211;1.190;1.263;1.310;1.386;1.261;1.052;911;733;514;421;240;103;22;12
FUTRONO;7.413;531;563;562;502;488;546;454;469;495;540;517;433;389;314;229;182;107;64;25;3;0
LAGO RANCO;4.851;308;352;333;278;271;324;291;274;363;355;360;302;278;227;187;151;98;67;23;6;3
RÍO BUENO;15.880;930;1.028;1.068;1.007;998;1.101;959;928;1.077;1.085;1.156;1.069;912;763;622;514;325;218;82;33;5
PUERTO MONTT;124.883;8.481;9.147;8.626;9.341;10.313;10.711;9.663;9.121;9.129;8.766;8.307;6.491;5.022;3.783;2.884;2.274;1.389;910;390;98;37
CALBUCO;16.881;1.025;1.198;1.319;1.108;1.207;1.288;1.098;1.035;1.174;1.230;1.166;962;739;687;583;439;275;209;104;29;6
COCHAMÓ;1.828;101;106;124;84;81;130;117;121;110;145;166;120;115;82;75;62;48;27;10;3;1
FRESIA;6.080;362;373;402;403;395;416;354;360;398;479;446;397;351;289;219;168;142;82;33;9;2
FRUTILLAR;9.335;565;694;611;615;631;721;638;616;662;660;704;589;459;396;282;220;143;80;40;7;2
LOS MUERMOS;8.387;532;576;601;553;514;582;527;494;576;595;659;517;424;379;299;241;168;90;48;9;3
LLANQUIHUE;8.964;542;634;617;651;646;650;572;558;645;648;682;528;471;331;302;229;130;89;32;6;1
MAULLÍN;6.985;361;423;460;402;422;489;386;399;483;528;579;464;427;338;292;238;146;95;42;10;1
PUERTO VARAS;22.700;1.687;1.604;1.550;1.478;1.298;1.801;1.837;1.830;1.801;1.622;1.431;1.303;1.024;780;621;444;299;180;71;34;5
CASTRO;22.336;1.324;1.518;1.570;1.446;1.337;1.716;1.771;1.789;1.714;1.593;1.540;1.210;984;822;680;560;369;226;124;33;10
ANCUD;19.962;1.107;1.319;1.403;1.347;1.074;1.420;1.381;1.315;1.479;1.465;1.502;1.270;1.071;828;710;562;363;213;101;28;4
CHONCHI;7.413;451;467;532;545;438;540;556;519;548;525;557;389;363;281;234;194;142;89;36;6;1
CURACO DE VÉLEZ;1.976;84;135;171;157;98;123;131;138;126;130;123;97;94;93;82;70;49;52;16;6;1
DALCAHUE;6.849;415;481;502;446;450;545;525;502;505;515;460;344;293;224;218;161;122;93;33;11;4
PUQUELDÓN;1.948;96;119;95;95;89;141;139;126;140;134;134;133;100;106;89;83;57;41;19;8;4
QUEILÉN;2.612;143;182;211;154;150;186;159;209;171;190;176;163;132;106;90;77;55;31;21;4;2
QUELLÓN;13.335;1.009;1.087;1.047;913;902;1.259;1.186;1.071;900;949;844;652;465;322;283;191;121;82;34;12;6
QUEMCHI;4.044;198;270;300;253;203;279;256;273;306;283;287;251;204;196;150;129;98;72;29;6;1
QUINCHAO;4.147;208;286;320;243;198;262;282;296;294;283;262;248;232;210;180;144;88;61;40;8;2
OSORNO;84.305;5.028;5.708;5.394;5.894;5.888;6.560;5.861;5.854;6.198;5.778;5.711;5.088;4.140;3.365;2.731;2.071;1.456;1.002;423;120;35
PUERTO OCTAY;4.278;260;297;274;301;292;310;250;284;281;319;319;295;240;173;136;112;77;45;10;2;1
PURRANQUE;10.393;641;681;670;703;702;719;622;567;659;741;767;700;557;491;402;306;253;151;54;7;0
PUYEHUE;5.709;329;382;381;448;367;365;350;348;382;434;424;377;322;251;203;146;99;69;25;4;3
RÍO NEGRO;7.034;407;476;463;514;406;486;427;402;449;477;499;505;403;339;274;197;154;102;42;8;4
SAN JUAN DE LA COSTA;3.501;171;204;245;204;189;174;177;232;298;252;269;264;201;191;158;124;81;46;17;3;1
SAN PABLO;5.052;271;336;311;329;319;287;297;308;344;378;369;310;346;240;215;176;97;79;29;8;3
CHAITÉN;2.055;97;167;146;113;93;169;143;159;173;149;143;139;127;80;65;44;25;13;8;2;0
FUTALEUFÚ;1.248;78;98;74;63;67;124;103;88;90;90;91;69;52;44;48;33;18;12;4;2;0
HUALAIHUÉ;4.243;273;317;372;253;219;311;349;307;316;336;294;233;187;150;121;91;56;42;12;3;1
PALENA;825;47;47;52;48;33;76;53;60;65;51;65;43;50;32;45;22;19;7;4;6;0
COYHAIQUE;29.055;2.165;2.275;2.173;2.126;1.656;2.394;2.277;2.278;2.230;1.960;1.802;1.655;1.341;912;644;503;336;215;81;18;14
LAGO VERDE;358;16;24;24;11;19;33;22;24;27;26;38;24;16;22;16;5;7;2;1;0;1
AYSÉN;11.240;863;963;900;639;666;1.015;904;850;776;711;797;635;472;352;233;223;115;75;40;8;3
CISNES;2.595;183;218;201;130;155;257;235;213;166;192;171;136;116;90;43;39;21;22;4;3;0
GUAITECAS;677;53;51;56;52;36;75;54;60;47;50;39;31;22;24;10;10;4;1;2;0;0
COCHRANE;1.588;100;130;121;99;80;149;144;144;110;100;89;76;80;45;45;39;21;9;1;4;2
O'HIGGINS;251;20;29;21;6;17;40;23;17;16;18;11;14;6;5;4;1;1;1;0;0;1
TORTEL;238;32;12;22;8;18;24;27;20;12;14;20;7;4;9;5;2;1;1;0;0;0
CHILE CHICO;2.288;146;177;153;117;110;172;197;186;146;172;147;149;127;90;67;60;42;21;7;2;0
RÍO IBÁÑEZ;1.221;71;71;78;40;59;122;110;77;67;93;84;76;74;68;53;26;28;16;7;1;0
PUNTA ARENAS;66.054;3.861;4.281;4.065;4.292;4.289;5.124;5.025;4.822;4.656;4.244;4.654;4.352;3.593;2.663;2.189;1.655;1.176;691;296;106;20
LAGUNA BLANCA;83;5;4;13;4;2;8;7;3;6;5;9;3;6;2;2;2;2;0;0;0;0
RÍO VERDE;95;2;5;1;2;9;16;11;5;8;8;7;10;4;3;4;0;0;0;0;0;0
SAN GREGORIO;180;9;15;10;7;7;22;22;12;6;13;22;16;12;4;0;2;0;1;0;0;0
CABO DE HORNOS;868;89;93;82;46;46;97;112;83;71;37;35;27;22;14;6;3;2;3;0;0;0
ANTÁRTICA;12;2;1;1;0;0;0;2;4;0;2;0;0;0;0;0;0;0;0;0;0;0
PORVENIR;2.808;211;205;193;125;173;295;258;194;182;196;186;153;144;104;60;57;35;22;10;3;2
PRIMAVERA;228;12;18;15;3;11;24;34;19;11;20;24;14;8;7;6;2;0;0;0;0;0
TIMAUKEL;62;2;5;3;1;4;9;10;3;8;3;2;8;0;2;1;0;1;0;0;0;0
NATALES;10.485;661;684;645;600;631;949;818;809;752;666;675;591;576;432;363;270;187;110;49;15;2
TORRES DEL PAINE;409;9;8;10;4;76;104;68;29;23;17;17;16;7;8;8;2;2;1;0;0;0
